matrix_guardian,luna_master
data_king,shadow_engineer
cloud_leader,shadow_guardian
data_weaver,ember_wizard
neo_weaver,nova_hunter
server_guru,gamer_smith
server_leader,vision_leader
test_ninja,matrix_king
core_hunter,quant_hunter
ember_weaver,dev_pilot
ai_researcher,core_wizard
stream_guru,byte_hunter
byte_architect,code_guru
quant_leader,logic_architect
pixel_artist,logic_thinker
core_explorer,ux_leader
block_architect,atlas_guru
ux_master,ux_maker
stream_hunter,olivia_design
cloud_ninja,maria_sun
prime_explorer,crypto_creator
vision_guardian,sigma_king
alex_smith,gamer_x
dev_shaper,atlas_smith
vector_master,ux_maker
pixel_smith,code_engineer
quant_wizard,cloud_hunter
matrix_master,shadow_driver
stream_guru,nova_king
ux_engineer,pixel_scout
orion_builder,code_ninja
aurora_explorer,alex_leader
design_hunter,aurora_smith
code_explorer,alex_pilot
vision_hunter,aurora_builder
server_weaver,nova_pilot
lucas_ai,henry_stack
crypto_hunter,zen_shaper
pro_player,stream_king
sigma_ninja,luna_master
echo_master,fusion_pilot
design_creator,block_ninja
pixel_ninja,luna_leader
test_artist,echo_explorer
hyper_shaper,logic_explorer
prime_driver,design_king
cloud_explorer,vortex_hunter
prime_maker,deep_engineer
dev_artist,cloud_master
sigma_thinker,neo_shaper
orion_architect,byte_scout
zen_runner,ai_pilot
hyper_guru,orion_scout
matrix_wizard,atlas_runner
layout_pro,vector_master
app_explorer,aurora_guru
mobile_builder,design_king
visual_mind,pixel_king
token_guru,neo_master
dev_ninja,vortex_creator
arena_master,gamer_x
app_weaver,hyper_engineer
server_builder,logic_driver
matrix_builder,neo_leader
token_guru,alpha_trader
vision_architect,neo_shaper
app_scout,stellar_scout
vortex_hunter,shadow_builder
dev_ninja,neo_king
prime_maker,hyper_weaver
logic_runner,ai_guru
ai_master,quant_maker
pixel_weaver,crypto_hunter
alex_smith,orion_driver
code_thinker,mobile_scout
core_smith,code_creator
server_creator,ember_master
sigma_leader,mobile_runner
byte_guru,fusion_master
ai_driver,byte_creator
stream_leader,crypto_guardian
aurora_king,crypto_pilot
matrix_artist,echo_thinker
fusion_driver,logic_weaver
ux_master,stream_driver
luna_builder,prime_ninja
prime_scout,stream_scout
quant_guardian,logic_artist
test_builder,shadow_artist
vortex_explorer,app_architect
design_shaper,prime_leader
dev_guardian,code_wizard
ux_pilot,byte_artist
fusion_engineer,cloud_runner
shadow_architect,stellar_leader
gamer_creator,gamer_ninja
ai_master,logic_leader
core_leader,cloud_king
alpha_trader,crypto_wolf
stellar_thinker,nova_leader
server_leader,matrix_shaper
fusion_guardian,deep_king
quant_explorer,neo_runner
olivia_design,ava_ui
mobile_thinker,mobile_wizard
design_wizard,ember_thinker
mobile_pilot,hyper_explorer
echo_guardian,gamer_builder
server_builder,vortex_runner
block_guardian,gamer_runner
crypto_driver,nova_smith
ember_builder,shadow_architect
dev_wizard,crypto_hunter
test_guardian,dev_builder
atlas_artist,server_artist
logic_ninja,logic_thinker
stream_scout,luna_guru
stellar_explorer,byte_master
neo_engineer,crypto_shaper
ml_engineer,ai_researcher
app_weaver,shadow_runner
code_leader,aurora_king
gamer_artist,shadow_artist
stream_runner,ux_explorer
chain_builder,crypto_engineer
block_builder,cloud_master
deep_pilot,stream_explorer
logic_guardian,stream_guardian
gamer_pilot,stellar_engineer
nova_king,vision_maker
vector_master,brand_builder
pixel_king,code_shaper
luna_explorer,fusion_leader
cloud_leader,stream_thinker
zen_weaver,matrix_creator
atlas_architect,stream_engineer
dev_thinker,logic_maker
dev_pilot,server_scout
block_king,test_creator
nova_pilot,matrix_pilot
prime_shaper,matrix_weaver
logic_artist,vortex_weaver
byte_wizard,crypto_explorer
shadow_master,matrix_scout
shadow_ninja,mobile_shaper
logic_master,quant_weaver
mobile_runner,atlas_builder
orion_engineer,shadow_builder
orion_smith,stellar_hunter
neo_thinker,data_builder
crypto_pilot,design_ninja
fusion_scout,app_hunter
app_guru,deep_runner
prime_engineer,aurora_king
ux_weaver,neo_guru
block_guardian,matrix_ninja
test_guardian,orion_smith
sigma_thinker,test_scout
orion_leader,echo_weaver
vortex_runner,fusion_explorer
mobile_driver,core_guardian
orion_shaper,gamer_king
crypto_engineer,orion_guru
matrix_guru,nova_thinker
crypto_builder,app_pilot
code_master,orion_king
data_leader,block_guardian
block_leader,nova_maker
byte_master,quant_guru
hyper_leader,matrix_wizard
quant_smith,test_leader
maria_sun,emma_star
design_artist,core_guru
ux_ninja,design_queen
deep_maker,nova_king
zen_explorer,logic_guardian
dev_pilot,fusion_smith
orion_guardian,pixel_scout
app_builder,luna_shaper
orion_shaper,fusion_architect
logic_pilot,orion_artist
block_smith,core_engineer
test_artist,deep_smith
ux_guru,color_wizard
stellar_maker,gamer_hunter
ember_runner,vision_pilot
ember_shaper,neo_architect
atlas_architect,atlas_builder
cloud_weaver,stream_architect
atlas_explorer,matrix_maker
server_maker,ava_ui
vortex_scout,cloud_weaver
vortex_weaver,atlas_creator
deep_smith,alex_explorer
sigma_smith,nova_hunter
ai_guardian,zen_driver
block_thinker,block_builder
dev_hunter,core_pilot
data_wizard,fusion_king
prime_king,cloud_master
logic_explorer,logic_maker
server_guardian,echo_guardian
dev_artist,design_creator
test_leader,server_scout
crypto_wizard,data_guru
mobile_ninja,neo_runner
prime_leader,alex_master
alex_guru,code_ninja
echo_ninja,ember_creator
logic_runner,mobile_smith
block_king,vortex_master
cloud_master,test_creator
stream_architect,byte_scout
design_engineer,fusion_master
nova_shaper,core_shaper
gamer_wizard,ai_smith
atlas_architect,test_scout
aurora_creator,quant_king
pixel_explorer,deep_weaver
ai_pilot,prime_guru
sigma_creator,vision_ninja
ux_thinker,matrix_artist
data_hunter,byte_smith
mobile_maker,core_shaper
test_leader,prime_builder
ava_ui,block_thinker
zen_hunter,fusion_pilot
crypto_ninja,alex_driver
matrix_builder,ux_wizard
dev_architect,quant_shaper
block_builder,pixel_explorer
luna_scout,prime_guardian
server_builder,deep_explorer
vortex_wizard,block_king
shadow_wizard,atlas_artist
alex_king,maria_sun
luna_guardian,data_wizard
alex_architect,color_wizard
aurora_thinker,block_hunter
deep_builder,ember_artist
alex_explorer,server_hunter
token_guru,server_king
shadow_explorer,zen_wizard
orion_engineer,john_dev
matrix_thinker,neo_engineer
atlas_scout,mobile_wizard
design_queen,ux_guru
quant_guru,orion_creator
orion_master,pixel_runner
quant_engineer,pixel_engineer
core_pilot,ai_pilot
alex_guardian,design_engineer
ember_guardian,matrix_builder
code_creator,vision_thinker
core_scout,server_master
zen_shaper,cloud_scout
server_creator,block_hunter
nova_builder,shadow_leader
vortex_smith,code_builder
matrix_weaver,aurora_guardian
crypto_thinker,vortex_architect
hyper_king,ai_engineer
atlas_weaver,shadow_king
test_scout,data_runner
stream_weaver,cloud_weaver
nova_ninja,ux_architect
shadow_shaper,ux_architect
core_weaver,gamer_smith
nova_architect,code_weaver
cloud_architect,quant_weaver
liam_code,ember_weaver
atlas_thinker,neo_pilot
core_explorer,stellar_artist
ember_guru,byte_runner
vision_explorer,app_guardian
benjamin_data,lucas_ai
zen_engineer,aurora_architect
core_runner,atlas_builder
design_thinker,atlas_guru
code_king,shadow_guru
byte_smith,cloud_guru
deep_leader,design_scout
ux_creator,zen_guardian
zen_master,test_smith
crypto_smith,test_hunter
prime_pilot,vortex_architect
data_guardian,orion_engineer
vortex_smith,neo_scout
dev_master,dev_explorer
nova_hunter,gamer_scout
code_builder,code_explorer
core_artist,echo_driver
logic_runner,neo_smith
stellar_scout,byte_runner
test_thinker,shadow_leader
cloud_wizard,block_artist
core_pilot,app_wizard
orion_ninja,ember_scout
server_king,neo_king
test_maker,dev_engineer
core_guardian,block_king
logic_weaver,dev_driver
app_scout,matrix_pilot
data_miner,maria_sun
nova_maker,hyper_pilot
hyper_ninja,design_scout
crypto_smith,gamer_architect
data_pilot,aurora_maker
test_master,ux_weaver
vortex_master,stream_king
matrix_smith,byte_engineer
henry_stack,alex_king
fusion_master,test_builder
zen_guardian,nova_master
byte_driver,test_king
logic_thinker,stellar_shaper
james_logic,benjamin_data
nova_scout,orion_master
ember_hunter,ember_builder
zen_maker,code_creator
deep_leader,fusion_ninja
core_guru,ember_scout
cloud_leader,hyper_engineer
vortex_hunter,echo_pilot
ux_builder,vortex_maker
brand_builder,test_weaver
code_architect,cloud_weaver
test_guru,mobile_explorer
gamer_maker,test_hunter
app_weaver,crypto_maker
hyper_shaper,vortex_architect
orion_builder,hyper_thinker
pixel_creator,server_driver
ai_architect,fusion_maker
orion_weaver,block_architect
app_guru,atlas_thinker
ai_wizard,gamer_weaver
test_wizard,luna_guru
cloud_engineer,fusion_wizard
mobile_thinker,nova_hunter
code_master,core_explorer
dev_master,prime_weaver
echo_leader,vortex_king
prime_smith,ai_artist
block_creator,vortex_king
core_weaver,byte_maker
echo_smith,code_driver
alex_artist,mobile_guru
aurora_maker,code_hunter
logic_scout,app_king
mobile_engineer,block_wizard
design_pilot,shadow_scout
shadow_runner,stellar_wizard
sigma_architect,stream_leader
byte_driver,core_runner
zen_pilot,ux_weaver
luna_scout,dev_artist
vision_scout,ux_driver
neo_architect,orion_explorer
zen_builder,aurora_architect
logic_explorer,sigma_builder
zen_king,deep_guardian
vision_guardian,fusion_hunter
stellar_weaver,prime_leader
sigma_explorer,server_ninja
nova_pilot,byte_wizard
server_thinker,app_maker
code_thinker,prime_driver
ember_shaper,nova_hunter
design_scout,test_thinker
block_creator,shadow_architect
sigma_master,hyper_weaver
nova_leader,code_guru
aurora_guardian,crypto_architect
server_guru,logic_smith
zen_thinker,sigma_guru
prime_builder,neo_builder
shadow_architect,block_leader
neo_king,fusion_leader
orion_engineer,orion_pilot
matrix_guardian,crypto_engineer
chain_builder,token_guru
byte_driver,logic_weaver
server_guru,luna_builder
hyper_builder,aurora_hunter
stellar_runner,sigma_shaper
mobile_artist,stream_builder
alex_creator,matrix_runner
byte_master,app_ninja
test_shaper,app_king
data_miner,ml_engineer
core_explorer,luna_guru
echo_scout,atlas_architect
logic_smith,zen_engineer
cloud_hunter,layout_pro
sigma_wizard,echo_builder
stream_creator,alex_shaper
quant_creator,cloud_guardian
code_king,gamer_wizard
crypto_guru,zen_pilot
sigma_leader,data_guardian
matrix_weaver,orion_creator
block_artist,aurora_hunter
luna_guardian,ember_engineer
ux_architect,maria_sun
app_guardian,stellar_explorer
code_driver,server_runner
stream_weaver,atlas_builder
prime_engineer,dev_leader
hyper_pilot,token_guru
core_pilot,alex_ninja
ember_guardian,test_master
test_creator,orion_explorer
test_pilot,sigma_wizard
stream_maker,dev_builder
code_pilot,cloud_guardian
crypto_guru,luna_driver
ux_creator,vision_pilot
cloud_explorer,nova_weaver
liam_code,alex_builder
sigma_guardian,hyper_driver
test_creator,neo_guru
code_hunter,hyper_ninja
mobile_architect,james_logic
deep_shaper,prime_driver
block_builder,ux_hunter
crypto_pilot,ux_maker
pixel_driver,ember_hunter
zen_engineer,cloud_maker
ava_ui,sophia_flow
ux_ninja,crypto_leader
data_thinker,ai_scout
vortex_builder,vision_master
zen_hunter,deep_runner
app_engineer,gamer_maker
quant_thinker,ai_ninja
byte_ninja,alex_scout
hyper_weaver,stream_driver
gamer_weaver,cloud_thinker
nova_pilot,orion_artist
shadow_runner,aurora_runner
logic_driver,design_wizard
neo_driver,ai_weaver
luna_builder,alex_weaver
matrix_master,nova_ninja
ai_researcher,deep_thinker
vision_shaper,stellar_leader
aurora_architect,pro_player
aurora_hunter,cloud_ninja
vision_thinker,gamer_ninja
zen_artist,neo_runner
app_explorer,deep_weaver
dev_driver,fusion_leader
stream_explorer,vision_builder
pixel_thinker,dev_master
fusion_pilot,neo_guardian
code_leader,zen_runner
mobile_architect,stream_builder
fusion_runner,quant_scout
matrix_ninja,app_weaver
zen_smith,neo_leader
data_master,aurora_hunter
data_thinker,deep_king
ember_thinker,shadow_guardian
vision_thinker,alex_driver
vision_thinker,data_artist
sigma_architect,vortex_weaver
byte_maker,alex_weaver
nova_driver,dev_architect
alex_architect,vision_engineer
crypto_artist,crypto_architect
byte_builder,ember_driver
test_artist,deep_thinker
prime_master,crypto_creator
dev_pilot,stellar_ninja
sigma_leader,zen_guardian
aurora_explorer,stellar_explorer
cloud_guardian,aurora_pilot
quant_weaver,henry_stack
logic_artist,byte_shaper
ux_maker,pixel_maker
neo_master,stellar_engineer
data_engineer,sigma_ninja
stellar_weaver,ux_weaver
block_master,chain_builder
cloud_engineer,matrix_guardian
server_builder,block_scout
james_logic,fusion_maker
gamer_pilot,stream_guru
dev_runner,server_artist
shadow_master,app_maker
mobile_creator,stellar_driver
app_shaper,matrix_thinker
server_engineer,shadow_runner
vortex_artist,dev_builder
matrix_explorer,atlas_creator
sigma_leader,cloud_shaper
crypto_wolf,block_master
dev_pilot,alex_thinker
echo_explorer,core_builder
matrix_artist,pixel_king
mobile_creator,atlas_guru
neo_ninja,quant_ninja
byte_king,data_hunter
ux_ninja,byte_maker
ember_weaver,benjamin_data
aurora_smith,prime_hunter
code_hunter,core_hunter
hyper_weaver,fusion_engineer
server_pilot,byte_driver
data_creator,mobile_thinker
server_ninja,ember_explorer
gamer_thinker,stream_maker
app_pilot,app_builder
neo_ninja,logic_hunter
code_engineer,echo_scout
byte_engineer,code_king
zen_builder,orion_guardian
data_wizard,matrix_master
dev_hunter,quant_master
zen_wizard,stellar_guru
hyper_maker,prime_runner
logic_smith,matrix_architect
logic_builder,pixel_explorer
stream_guardian,dev_leader
server_guardian,ux_artist
shadow_runner,nova_shaper
ember_scout,app_maker
crypto_runner,ux_guru
emma_star,liam_code
echo_ninja,neo_wizard
code_master,vortex_wizard
cloud_artist,core_thinker
vector_master,ai_weaver
ember_runner,stream_maker
design_king,stream_creator
sigma_leader,nova_guru
sophia_flow,test_weaver
fusion_guru,gamer_hunter
pixel_leader,ai_guru
gamer_creator,zen_master
prime_king,ai_guardian
server_king,cloud_king
test_master,logic_weaver
aurora_master,core_runner
neo_hunter,byte_leader
block_wizard,vortex_pilot
fusion_builder,luna_weaver
pixel_shaper,pixel_thinker
code_thinker,dev_architect
pixel_smith,ember_maker
test_explorer,fusion_wizard
alex_creator,code_smith
data_creator,echo_guru
deep_hunter,orion_architect
matrix_leader,ember_master
data_explorer,code_guardian
deep_thinker,byte_artist
dev_maker,core_scout
server_wizard,ai_pilot
shadow_artist,aurora_builder
prime_runner,byte_master
block_hunter,byte_guardian
mobile_thinker,stream_creator
test_guardian,crypto_king
test_scout,ai_weaver
byte_architect,nova_smith
quant_architect,ai_wizard
design_queen,aurora_maker
nova_hunter,mobile_hunter
alex_leader,ai_shaper
zen_pilot,app_shaper
test_guardian,orion_explorer
matrix_wizard,crypto_builder
app_king,app_pilot
stream_runner,core_driver
aurora_guru,ai_maker
zen_guru,gamer_hunter
dev_architect,orion_pilot
fusion_thinker,echo_shaper
vision_driver,atlas_pilot
gamer_weaver,design_guardian
test_maker,logic_runner
test_leader,ember_scout
gamer_architect,sophia_flow
cloud_wizard,atlas_creator
fusion_smith,orion_weaver
color_wizard,layout_pro
cloud_master,vortex_thinker
pixel_pilot,cloud_king
nova_shaper,matrix_smith
ai_hunter,gamer_guru
neo_scout,gamer_weaver
code_ninja,aurora_guardian
ux_runner,pixel_runner
app_explorer,shadow_guru
prime_leader,nova_ninja
deep_engineer,hyper_driver
quant_hunter,atlas_architect
vortex_master,fusion_wizard
design_maker,prime_master
dev_hunter,test_smith
pixel_explorer,sophia_flow
test_builder,ux_artist
luna_driver,pixel_wizard
gamer_driver,stellar_thinker
server_hunter,deep_wizard
fusion_shaper,hyper_master
aurora_leader,sigma_master
shadow_engineer,john_dev
block_master,vortex_maker
ember_master,block_king
sigma_pilot,matrix_guru
gamer_artist,aurora_master
aurora_guru,prime_weaver
alex_artist,logic_wizard
sigma_master,logic_engineer
nova_wizard,orion_maker
zen_shaper,prime_pilot
logic_guru,vision_shaper
ux_smith,vision_engineer
vortex_scout,dev_guru
stream_artist,block_shaper
sigma_engineer,dev_master
shadow_architect,sigma_shaper
code_shaper,hyper_guardian
cloud_driver,cloud_artist
echo_scout,data_scout
mobile_leader,ai_maker
atlas_runner,shadow_shaper
ux_scout,app_pilot
neo_explorer,pixel_guardian
prime_explorer,data_ninja
zen_maker,code_leader
alex_weaver,matrix_pilot
stream_engineer,crypto_master
alex_king,john_dev
brand_builder,shadow_explorer
ember_shaper,block_builder
quant_architect,crypto_smith
vision_scout,sigma_engineer
server_explorer,hyper_guardian
stream_maker,neo_driver
code_runner,server_guru
sophia_flow,james_logic
alex_guardian,prime_pilot
aurora_guru,deep_master
quant_master,app_master
nova_explorer,crypto_master
matrix_smith,vortex_king
mobile_driver,quant_weaver
test_artist,app_king
logic_creator,gamer_leader
stellar_guardian,cloud_engineer
neo_scout,alex_hunter
ai_scout,alex_pilot
dev_driver,cloud_wizard
echo_king,atlas_creator
server_weaver,dev_pilot
core_runner,gamer_driver
gamer_smith,stellar_master
logic_leader,test_scout
deep_wizard,deep_creator
ux_smith,shadow_explorer
quant_creator,deep_creator
alex_guru,prime_smith
echo_pilot,hyper_artist
noah_builder,ml_engineer
vortex_pilot,ux_king
vision_architect,block_maker
deep_artist,crypto_wizard
cloud_maker,test_artist
design_maker,deep_leader
gamer_explorer,echo_weaver
echo_smith,prime_thinker
echo_builder,vortex_scout
nova_thinker,cloud_engineer
orion_runner,fusion_ninja
nova_artist,crypto_thinker
vision_builder,dev_shaper
nova_guardian,data_creator
test_leader,mobile_smith
byte_creator,echo_guardian
ai_king,neo_architect
nova_explorer,deep_guru
vision_runner,aurora_builder
zen_thinker,server_engineer
shadow_wizard,prime_thinker
fusion_hunter,design_wizard
chain_builder,mobile_maker
ember_guru,logic_guru
block_creator,test_pilot
deep_pilot,byte_explorer
dev_builder,echo_guru
ux_creator,logic_shaper
quant_architect,byte_guru
data_guru,block_scout
mobile_king,pixel_runner
server_guru,deep_maker
matrix_king,aurora_engineer
ai_driver,neo_runner
vortex_master,stellar_guardian
pixel_master,ux_runner
atlas_driver,cloud_ninja
fusion_pilot,token_guru
nova_explorer,byte_guru
zen_leader,stellar_weaver
aurora_scout,test_scout
code_pilot,stellar_artist
pixel_engineer,hyper_smith
app_builder,block_wizard
hyper_ninja,byte_guardian
neo_guardian,shadow_hunter
ember_wizard,stream_pilot
test_ninja,vision_artist
block_hunter,server_artist
core_guardian,deep_smith
alex_wizard,test_guru
logic_creator,hyper_runner
test_leader,vortex_architect
deep_thinker,data_miner
zen_maker,echo_ninja
gamer_creator,deep_engineer
ai_master,pixel_engineer
deep_runner,server_shaper
vision_guru,data_guru
code_driver,dev_master
block_runner,cloud_driver
pixel_architect,atlas_scout
ai_smith,shadow_engineer
test_maker,fusion_scout
deep_guru,crypto_builder
stream_explorer,neo_engineer
luna_guru,atlas_driver
dev_smith,deep_artist
fusion_builder,luna_builder
gamer_maker,dev_runner
atlas_leader,logic_engineer
core_hunter,alex_guardian
gamer_builder,cloud_builder
vision_hunter,noah_builder
neo_guru,ember_master
code_runner,atlas_driver
vision_wizard,logic_artist
quant_pilot,prime_artist
data_artist,ux_leader
ai_creator,alex_engineer
data_guardian,hyper_guru
design_wizard,stream_explorer
logic_pilot,alex_weaver
crypto_wolf,ml_engineer
emma_star,hyper_architect
luna_architect,byte_guru
code_builder,byte_explorer
dev_artist,data_king
gamer_driver,hyper_thinker
aurora_architect,ai_king
vortex_smith,data_pilot
alex_wizard,server_king
core_guardian,fusion_creator
vortex_guru,vision_artist
ai_runner,server_master
mobile_king,design_ninja
core_runner,core_creator
dev_engineer,byte_driver
hyper_leader,neo_weaver
neo_artist,code_king
data_miner,atlas_guardian
crypto_maker,test_driver
pixel_pilot,logic_driver
mobile_builder,vision_smith
echo_maker,matrix_guardian
mobile_maker,alex_explorer
app_guardian,alex_guardian
app_leader,server_guardian
fusion_architect,block_leader
echo_smith,ava_ui
hyper_master,orion_creator
data_guru,zen_guru
stellar_architect,design_maker
deep_shaper,logic_scout
stellar_engineer,neo_weaver
stream_king,arena_master
atlas_guardian,deep_master
vector_master,pixel_scout
matrix_scout,nova_builder
mobile_builder,vision_king
byte_weaver,app_smith
aurora_scout,ux_creator
design_runner,stream_driver
code_ninja,echo_master
echo_ninja,james_logic
app_guardian,aurora_smith
ml_engineer,logic_creator
luna_builder,ember_driver
design_weaver,aurora_guardian
fusion_maker,data_thinker
logic_master,dev_wizard
john_dev,emma_star
nova_weaver,quant_pilot
hyper_king,orion_smith
hyper_shaper,block_guru
dev_guru,ai_researcher
neo_hunter,echo_thinker
data_driver,ember_explorer
app_maker,echo_leader
deep_shaper,hyper_thinker
pixel_maker,design_weaver
ember_architect,sigma_master
visual_mind,pixel_artist
deep_runner,code_ninja
dev_thinker,ember_shaper
deep_master,sigma_shaper
ai_engineer,nova_builder
prime_scout,atlas_weaver
echo_guardian,mobile_ninja
alex_maker,echo_thinker
mobile_artist,ember_maker
test_pilot,ember_driver
sigma_weaver,hyper_thinker
stellar_leader,vortex_maker
echo_leader,zen_smith
app_shaper,data_hunter
test_king,logic_king
cloud_wizard,luna_scout
core_guru,luna_explorer
stellar_maker,core_weaver
core_pilot,aurora_builder
noah_builder,olivia_design
maria_sun,hyper_smith
aurora_ninja,mobile_explorer
aurora_guru,aurora_leader
app_pilot,prime_engineer
crypto_wizard,app_architect
aurora_shaper,byte_ninja
test_master,vortex_scout
shadow_wizard,prime_ninja
visual_mind,matrix_scout
block_king,design_master
nova_driver,core_king
code_creator,aurora_shaper
shadow_guru,sigma_master
deep_master,prime_architect
byte_guardian,atlas_wizard
server_weaver,echo_artist
vortex_runner,mobile_leader
alex_shaper,data_runner
nova_thinker,vision_driver
stellar_leader,vortex_master
stellar_weaver,atlas_scout
pixel_guru,mobile_architect
stream_builder,shadow_smith
pro_player,zen_leader
nova_wizard,crypto_pilot
byte_runner,ember_creator
nova_runner,visual_mind
logic_scout,alex_maker
logic_driver,fusion_guardian
byte_scout,data_pilot
sigma_explorer,nova_guru
orion_weaver,alex_leader
nova_creator,data_master
app_builder,echo_explorer
server_maker,ember_hunter
alex_shaper,orion_maker
dev_driver,stream_driver
gamer_scout,orion_maker
color_wizard,stream_wizard
core_scout,matrix_builder
vortex_guardian,cloud_ninja
nova_ninja,app_explorer
atlas_wizard,ai_guardian
block_driver,ai_wizard
neo_architect,matrix_engineer
shadow_architect,alex_thinker
prime_builder,prime_guardian
vortex_pilot,stream_ninja
vortex_hunter,vision_thinker
echo_thinker,zen_architect
atlas_wizard,data_runner
test_architect,luna_leader
orion_guru,matrix_hunter
nova_smith,ember_engineer
code_ninja,gamer_x
stream_hunter,logic_runner
crypto_smith,stream_runner
dev_hunter,chain_builder
ux_driver,ember_king
sigma_wizard,stream_architect
matrix_explorer,nova_guru
test_artist,block_shaper
crypto_creator,pixel_pilot
server_creator,zen_engineer
zen_pilot,matrix_master
design_hunter,code_explorer
brand_builder,visual_mind
dev_wizard,ux_artist
orion_pilot,block_architect
core_runner,design_builder
app_guru,ava_ui
zen_engineer,ai_pilot
design_hunter,nova_guru
mobile_guru,data_smith
orion_runner,core_ninja
pixel_pilot,vision_artist
quant_maker,data_shaper
ai_maker,alex_builder
matrix_king,prime_ninja
block_explorer,fusion_guru
fusion_shaper,prime_architect
dev_runner,logic_guardian
stellar_weaver,vision_master
ember_pilot,logic_pilot
data_builder,nova_shaper
block_runner,pixel_creator
data_ninja,code_runner
neo_maker,hyper_leader
hyper_hunter,ember_ninja
vortex_scout,logic_explorer
ember_architect,vortex_pilot
byte_thinker,app_king
sigma_thinker,ember_smith
ux_hunter,stellar_explorer
logic_maker,aurora_guru
logic_wizard,code_weaver
noah_builder,quant_runner
dev_driver,hyper_engineer
stream_smith,pixel_master
luna_maker,orion_thinker
crypto_runner,vision_thinker
deep_weaver,dev_engineer
cloud_thinker,shadow_pilot
hyper_master,gamer_driver
vision_maker,nova_thinker
data_runner,sigma_thinker
app_guru,vortex_architect
john_dev,matrix_wizard
pixel_guardian,luna_king
atlas_driver,crypto_wolf
data_ninja,pixel_builder
atlas_guardian,app_wizard
stellar_artist,ux_maker
aurora_architect,token_guru
block_smith,ux_architect
deep_master,atlas_thinker
liam_code,noah_builder
sigma_creator,vision_hunter
code_leader,hyper_explorer
neo_guardian,sigma_guardian
ai_artist,nova_smith
orion_driver,core_pilot
pixel_runner,stellar_thinker
quant_smith,gamer_shaper
gamer_x,pro_player
mobile_driver,matrix_engineer
ux_leader,gamer_weaver
hyper_hunter,sigma_ninja
orion_guardian,nova_artist
luna_ninja,quant_maker
gamer_king,james_logic
gamer_pilot,code_weaver
neo_scout,block_thinker
alex_guru,maria_sun
matrix_architect,code_wizard
quant_weaver,vortex_master
zen_engineer,app_guardian
dev_guru,crypto_runner
dev_scout,logic_artist
app_guardian,neo_architect
ember_runner,vision_leader
pixel_master,neo_runner
app_explorer,echo_guru
pixel_artist,design_queen
zen_guru,data_pilot
mobile_shaper,quant_runner
stellar_smith,stellar_guardian
ai_creator,luna_scout
orion_maker,design_king
design_thinker,logic_maker
deep_weaver,neo_ninja
crypto_leader,server_maker
alex_guru,stellar_wizard
deep_runner,ai_weaver
matrix_artist,stream_smith
echo_artist,core_weaver
core_maker,core_guardian
design_maker,pixel_runner
pixel_shaper,byte_builder
test_wizard,nova_guardian
block_artist,test_creator
sophia_flow,block_hunter
crypto_leader,quant_driver
app_ninja,core_pilot
test_shaper,nova_smith
code_thinker,echo_scout
ember_guardian,ux_creator
vision_smith,app_shaper
atlas_runner,byte_king
test_driver,hyper_driver
ux_king,noah_builder
